Size,Time [s]
1,0.000000
2,0.000000
4,0.000000
8,0.000000
16,0.000002
32,0.000008
64,0.000029
128,0.000103
256,0.000390
512,0.001705
1024,0.006965
2048,0.018583
